User ID,User Level,Timestamp,Inspection Type,Total Quantity,Correct Orientation,Wrong Orientation,Inspection Type,Decoded Batch Quantity,Decoded Box Quantity,Accumulated Batch Quantity,Overall Result,Messages,Remarks,Approved By
a,Admin,30-01-2023 | 09:19:15.774,TopVision,26,26,0,CodeReader,285,26,0,NG,BatchNotMatch,N/A,Admin
a,Admin,30-01-2023 | 09:19:50.241,TopVision,26,26,0,CodeReader,285,26,0,NG,BatchNotMatch,N/A,Admin
a,Admin,30-01-2023 | 09:20:49.407,TopVision,26,26,0,CodeReader,285,26,0,NG,BatchNotMatch,N/A,Admin
a,Admin,30-01-2023 | 09:22:41.518,TopVision,26,26,0,CodeReader,285,26,0,NG,BatchNotMatch,N/A,Admin
a,Admin,30-01-2023 | 09:22:44.058,TopVision,26,26,0,CodeReader,281,26,26,OK,N/A,N/A,N/A
a,Admin,30-01-2023 | 10:01:53.521,TopVision,25,25,0,CodeReader,285,26,0,NG,BoxQtyNotMatch,N/A,Admin
a,Admin,30-01-2023 | 10:08:06.264,TopVision,26,26,0,CodeReader,285,26,26,OK,N/A,N/A,N/A
a,Admin,30-01-2023 | 10:08:25.399,TopVision,26,26,0,CodeReader,281,26,26,NG,BatchNotMatch,N/A,Admin
a,Admin,30-01-2023 | 10:10:33.827,TopVision,26,26,0,CodeReader,285,26,0,NG,BatchNotMatch,N/A,Admin
a,Admin,30-01-2023 | 10:10:44.758,TopVision,26,26,0,CodeReader,285,26,26,OK,N/A,N/A,N/A
a,Admin,30-01-2023 | 10:10:55.028,TopVision,26,26,0,CodeReader,281,26,26,NG,BatchNotMatch,N/A,Admin
a,Admin,30-01-2023 | 10:11:09.983,TopVision,26,26,0,CodeReader,285,26,26,OK,N/A,N/A,N/A
a,Admin,30-01-2023 | 10:18:55.393,TopVision,26,26,0,CodeReader,285,26,26,OK,N/A,N/A,N/A
a,Admin,30-01-2023 | 10:19:33.220,TopVision,26,26,0,CodeReader,285,26,26,OK,N/A,N/A,N/A
a,Admin,30-01-2023 | 10:22:50.081,TopVision,26,26,0,CodeReader,285,26,26,OK,N/A,N/A,N/A
a,Admin,30-01-2023 | 10:23:50.535,TopVision,26,26,0,CodeReader,285,26,52,OK,N/A,N/A,N/A
a,Admin,30-01-2023 | 10:24:47.508,TopVision,26,26,0,CodeReader,285,26,26,OK,N/A,N/A,N/A
a,Admin,30-01-2023 | 10:24:55.430,TopVision,26,26,0,CodeReader,285,26,52,OK,N/A,N/A,N/A
a,Admin,30-01-2023 | 10:24:58.313,TopVision,26,26,0,CodeReader,285,26,78,OK,N/A,N/A,N/A
a,Admin,30-01-2023 | 10:25:09.055,TopVision,26,26,0,CodeReader,281,26,78,NG,BatchNotMatch,N/A,Admin
a,Admin,30-01-2023 | 10:25:19.829,TopVision,26,26,0,CodeReader,281,26,78,NG,BatchNotMatch,N/A,Admin
a,Admin,30-01-2023 | 10:25:23.475,TopVision,26,26,0,CodeReader,285,26,104,OK,N/A,N/A,N/A
a,Admin,30-01-2023 | 10:28:37.436,TopVision,26,26,0,CodeReader,285,26,26,OK,N/A,N/A,N/A
a,Admin,30-01-2023 | 10:29:43.549,TopVision,26,26,0,CodeReader,285,26,26,OK,N/A,N/A,N/A
a,Admin,30-01-2023 | 10:30:01.265,TopVision,26,26,0,CodeReader,285,26,26,OK,N/A,N/A,N/A
a,Admin,30-01-2023 | 10:30:28.501,TopVision,26,26,0,CodeReader,285,26,52,OK,N/A,N/A,N/A
a,Admin,30-01-2023 | 10:33:59.797,TopVision,26,26,0,CodeReader,285,26,26,OK,N/A,N/A,N/A
a,Admin,30-01-2023 | 10:34:04.073,TopVision,26,26,0,CodeReader,285,26,52,OK,N/A,N/A,N/A
a,Admin,30-01-2023 | 10:34:08.252,TopVision,26,26,0,CodeReader,285,26,78,OK,N/A,N/A,N/A
a,Admin,30-01-2023 | 10:34:10.457,TopVision,26,26,0,CodeReader,285,26,104,OK,N/A,N/A,N/A
a,Admin,30-01-2023 | 10:34:12.860,TopVision,26,26,0,CodeReader,285,26,130,OK,N/A,N/A,N/A
a,Admin,30-01-2023 | 10:34:15.211,TopVision,26,26,0,CodeReader,285,26,156,OK,N/A,N/A,N/A
a,Admin,30-01-2023 | 10:34:17.454,TopVision,26,26,0,CodeReader,285,26,182,OK,N/A,N/A,N/A
a,Admin,30-01-2023 | 10:34:19.837,TopVision,26,26,0,CodeReader,285,26,208,OK,N/A,N/A,N/A
a,Admin,30-01-2023 | 10:34:22.367,TopVision,26,26,0,CodeReader,285,26,234,OK,N/A,N/A,N/A
a,Admin,30-01-2023 | 10:34:24.619,TopVision,26,26,0,CodeReader,285,26,260,OK,N/A,N/A,N/A
a,Admin,30-01-2023 | 10:34:31.870,TopVision,26,26,0,CodeReader,285,26,286,NG,ExceedTotalBatchQty,N/A,Admin
a,Admin,30-01-2023 | 10:34:58.755,TopVision,26,26,0,CodeReader,285,26,26,OK,N/A,N/A,N/A
a,Admin,30-01-2023 | 10:35:07.988,TopVision,26,26,0,CodeReader,281,26,26,NG,BatchNotMatch,N/A,Admin
a,Admin,30-01-2023 | 10:35:18.178,TopVision,26,26,0,CodeReader,281,26,26,NG,BatchNotMatch,N/A,Admin
o,Operator,30-01-2023 | 11:04:51.275,TopVision,26,26,0,CodeReader,285,26,26,OK,N/A,N/A,N/A
o,Operator,30-01-2023 | 11:33:44.764,TopVision,26,26,0,CodeReader,285,26,26,OK,N/A,N/A,N/A
o,Operator,30-01-2023 | 11:36:10.052,TopVision,26,26,0,CodeReader,285,26,26,OK,N/A,N/A,N/A
o,Operator,30-01-2023 | 11:43:23.627,TopVision,26,26,0,CodeReader,285,26,26,OK,N/A,N/A,N/A
o,Operator,30-01-2023 | 11:46:49.022,TopVision,26,26,0,CodeReader,285,26,26,OK,N/A,N/A,N/A
a,Admin,30-01-2023 | 11:47:48.713,TopVision,26,26,0,CodeReader,285,26,26,OK,N/A,N/A,N/A
o,Operator,30-01-2023 | 11:51:48.049,TopVision,26,26,0,CodeReader,285,26,26,OK,N/A,N/A,N/A
o,Operator,30-01-2023 | 12:10:31.294,TopVision,26,26,0,CodeReader,285,26,26,OK,N/A,N/A,N/A
o,Operator,30-01-2023 | 12:23:55.115,TopVision,26,26,0,CodeReader,285,26,26,OK,N/A,N/A,N/A
o,Operator,30-01-2023 | 12:24:08.491,TopVision,26,26,0,CodeReader,285,26,26,OK,N/A,N/A,N/A
a,Admin,30-01-2023 | 12:28:55.176,TopVision,26,26,0,CodeReader,285,26,26,OK,N/A,N/A,N/A
a,Admin,30-01-2023 | 12:30:27.743,TopVision,26,26,0,CodeReader,285,26,26,OK,N/A,N/A,N/A
a,Admin,30-01-2023 | 12:30:33.645,TopVision,26,26,0,CodeReader,285,26,26,OK,N/A,N/A,N/A
o,Operator,30-01-2023 | 14:22:25.004,TopVision,26,26,0,CodeReader,285,26,26,OK,N/A,N/A,N/A
o,Operator,30-01-2023 | 14:23:01.099,TopVision,26,26,0,CodeReader,285,26,26,OK,N/A,N/A,N/A
o,Operator,30-01-2023 | 14:23:15.282,TopVision,26,26,0,CodeReader,285,26,26,OK,N/A,N/A,N/A
o,Operator,30-01-2023 | 14:35:05.990,TopVision,26,26,0,CodeReader,285,26,26,OK,N/A,N/A,N/A
o,Operator,30-01-2023 | 14:35:35.048,TopVision,26,26,0,CodeReader,285,26,26,OK,N/A,N/A,N/A
o,Operator,30-01-2023 | 14:35:43.538,TopVision,26,26,0,CodeReader,285,26,26,OK,N/A,N/A,N/A
a,Admin,30-01-2023 | 14:38:21.811,TopVision,26,26,0,CodeReader,285,26,26,OK,N/A,N/A,N/A
a,Admin,30-01-2023 | 14:40:05.623,TopVision,26,26,0,CodeReader,285,26,26,OK,N/A,N/A,N/A
a,Admin,30-01-2023 | 14:40:22.371,TopVision,26,26,0,CodeReader,285,26,26,OK,N/A,N/A,N/A
a,Admin,30-01-2023 | 14:40:30.760,TopVision,26,26,0,CodeReader,285,26,52,OK,N/A,N/A,N/A
a,Admin,30-01-2023 | 14:40:45.747,TopVision,26,26,0,CodeReader,285,26,52,OK,N/A,N/A,N/A
a,Admin,30-01-2023 | 14:41:45.212,TopVision,26,26,0,CodeReader,285,26,26,OK,N/A,N/A,N/A
a,Admin,30-01-2023 | 14:41:48.186,TopVision,26,26,0,CodeReader,285,26,52,OK,N/A,N/A,N/A
a,Admin,30-01-2023 | 14:42:05.669,TopVision,26,26,0,CodeReader,281,26,52,NG,BatchNotMatch,nhgnhnhnh,Admin
a,Admin,30-01-2023 | 14:42:15.135,TopVision,26,26,0,CodeReader,281,26,52,NG,BatchNotMatch,ttttt,Technician
a,Admin,30-01-2023 | 14:42:38.077,TopVision,26,26,0,CodeReader,281,26,52,NG,BatchNotMatch,jujuju,Admin
a,Admin,30-01-2023 | 14:42:40.465,TopVision,26,26,0,CodeReader,285,26,78,OK,N/A,N/A,N/A
a,Admin,30-01-2023 | 14:43:10.454,TopVision,26,26,0,CodeReader,285,26,78,OK,N/A,N/A,N/A
o,Operator,30-01-2023 | 14:43:51.115,TopVision,26,26,0,CodeReader,285,26,26,OK,N/A,N/A,N/A
o,Operator,30-01-2023 | 14:43:54.365,TopVision,26,26,0,CodeReader,285,26,52,OK,N/A,N/A,N/A
o,Operator,30-01-2023 | 14:43:56.751,TopVision,26,26,0,CodeReader,285,26,78,OK,N/A,N/A,N/A
o,Operator,30-01-2023 | 14:43:59.806,TopVision,26,26,0,CodeReader,285,26,104,OK,N/A,N/A,N/A
o,Operator,30-01-2023 | 14:44:07.501,TopVision,26,26,0,CodeReader,285,26,130,OK,N/A,N/A,N/A
o,Operator,30-01-2023 | 14:44:21.673,TopVision,26,26,0,CodeReader,285,26,130,OK,N/A,N/A,N/A
o,Operator,30-01-2023 | 14:44:26.379,TopVision,26,26,0,CodeReader,285,26,156,OK,N/A,N/A,N/A
o,Operator,30-01-2023 | 14:44:29.115,TopVision,26,26,0,CodeReader,285,26,182,OK,N/A,N/A,N/A
o,Operator,30-01-2023 | 14:44:31.925,TopVision,26,26,0,CodeReader,285,26,208,OK,N/A,N/A,N/A
o,Operator,30-01-2023 | 14:44:36.041,TopVision,26,26,0,CodeReader,285,26,234,OK,N/A,N/A,N/A
o,Operator,30-01-2023 | 14:44:52.823,TopVision,26,26,0,CodeReader,285,26,260,OK,N/A,N/A,N/A
o,Operator,30-01-2023 | 14:45:01.566,TopVision,26,26,0,CodeReader,285,26,286,NG,ExceedTotalBatchQty,a,Admin
a,Admin,30-01-2023 | 14:55:49.460,TopVision,26,26,0,CodeReader,285,26,26,OK,N/A,N/A,N/A
a,Admin,30-01-2023 | 14:56:35.917,TopVision,26,26,0,CodeReader,281,26,26,NG,BatchNotMatch,t,Technician
a,Admin,30-01-2023 | 14:58:11.902,TopVision,26,26,0,CodeReader,285,26,26,OK,N/A,N/A,N/A
a,Admin,30-01-2023 | 14:58:25.501,TopVision,26,26,0,CodeReader,281,26,26,NG,BatchNotMatch,a,Admin
o,Operator,30-01-2023 | 15:03:25.915,TopVision,26,26,0,CodeReader,285,26,26,OK,N/A,N/A,N/A
o,Operator,30-01-2023 | 15:03:38.876,TopVision,26,26,0,CodeReader,285,26,26,OK,N/A,N/A,N/A
o,Operator,30-01-2023 | 15:03:53.570,TopVision,26,26,0,CodeReader,285,10,26,NG,BoxQtyNotMatch,a,Admin
a,Admin,30-01-2023 | 15:04:34.033,TopVision,26,26,0,CodeReader,285,26,26,OK,N/A,N/A,N/A
a,Admin,30-01-2023 | 15:04:38.859,TopVision,26,26,0,CodeReader,285,26,26,OK,N/A,N/A,N/A
a,Admin,30-01-2023 | 15:04:56.602,TopVision,26,26,0,CodeReader,285,26,52,OK,N/A,N/A,N/A
a,Admin,30-01-2023 | 15:05:00.159,TopVision,26,26,0,CodeReader,285,26,78,OK,N/A,N/A,N/A
a,Admin,30-01-2023 | 15:05:02.685,TopVision,26,26,0,CodeReader,285,26,104,OK,N/A,N/A,N/A
a,Admin,30-01-2023 | 15:05:04.562,TopVision,26,26,0,CodeReader,285,26,130,OK,N/A,N/A,N/A
a,Admin,30-01-2023 | 15:05:06.358,TopVision,26,26,0,CodeReader,285,26,156,OK,N/A,N/A,N/A
a,Admin,30-01-2023 | 15:05:08.047,TopVision,26,26,0,CodeReader,285,26,182,OK,N/A,N/A,N/A
a,Admin,30-01-2023 | 15:05:09.840,TopVision,26,26,0,CodeReader,285,26,208,OK,N/A,N/A,N/A
a,Admin,30-01-2023 | 15:05:12.652,TopVision,26,26,0,CodeReader,285,26,234,OK,N/A,N/A,N/A
a,Admin,30-01-2023 | 15:05:14.351,TopVision,26,26,0,CodeReader,285,26,260,OK,N/A,N/A,N/A
a,Admin,30-01-2023 | 15:05:32.659,TopVision,26,26,0,CodeReader,285,26,286,NG,ExceedTotalBatchQty,e,Engineer
a,Admin,30-01-2023 | 15:10:25.823,TopVision,26,26,0,CodeReader,285,26,26,OK,N/A,N/A,N/A
o,Operator,30-01-2023 | 15:21:45.850,TopVision,26,26,0,CodeReader,285,26,26,OK,N/A,N/A,N/A
o,Operator,30-01-2023 | 15:22:04.407,TopVision,26,26,0,CodeReader,285,26,26,OK,N/A,N/A,N/A
o,Operator,30-01-2023 | 15:43:01.806,TopVision,26,26,0,CodeReader,285,10,0,NG,BoxQtyNotMatch,a,Admin
a,Admin,30-01-2023 | 15:45:55.171,TopVision,26,26,0,CodeReader,285,10,0,NG,BoxQtyNotMatch,a,Admin
a,Admin,30-01-2023 | 15:46:03.214,TopVision,26,26,0,CodeReader,285,10,0,NG,BoxQtyNotMatch,a,Admin
a,Admin,30-01-2023 | 15:58:35.830,TopVision,26,26,0,CodeReader,285,26,26,OK,N/A,N/A,N/A
o,Operator,30-01-2023 | 16:32:14.604,TopVision,26,26,0,CodeReader,285,10,0,NG,BoxQtyNotMatch,e,Engineer
o,Operator,30-01-2023 | 16:32:21.231,TopVision,26,26,0,CodeReader,285,10,0,NG,BoxQtyNotMatch,e,Engineer
o,Operator,30-01-2023 | 16:32:29.896,TopVision,26,26,0,CodeReader,285,26,26,OK,N/A,N/A,N/A
o,Operator,30-01-2023 | 16:32:36.026,TopVision,26,26,0,CodeReader,285,26,52,OK,N/A,N/A,N/A
o,Operator,30-01-2023 | 16:32:39.468,TopVision,26,26,0,CodeReader,285,26,78,OK,N/A,N/A,N/A
o,Operator,30-01-2023 | 16:32:43.046,TopVision,26,26,0,CodeReader,285,26,104,OK,N/A,N/A,N/A
o,Operator,30-01-2023 | 16:32:45.535,TopVision,26,26,0,CodeReader,285,26,130,OK,N/A,N/A,N/A
o,Operator,30-01-2023 | 16:32:47.359,TopVision,26,26,0,CodeReader,285,26,156,OK,N/A,N/A,N/A
o,Operator,30-01-2023 | 16:32:49.659,TopVision,26,26,0,CodeReader,285,26,182,OK,N/A,N/A,N/A
o,Operator,30-01-2023 | 16:32:51.450,TopVision,26,26,0,CodeReader,285,26,208,OK,N/A,N/A,N/A
o,Operator,30-01-2023 | 16:32:53.216,TopVision,26,26,0,CodeReader,285,26,234,OK,N/A,N/A,N/A
o,Operator,30-01-2023 | 16:32:55.671,TopVision,26,26,0,CodeReader,285,26,260,OK,N/A,N/A,N/A
o,Operator,30-01-2023 | 16:33:02.866,TopVision,26,26,0,CodeReader,285,26,286,NG,ExceedTotalBatchQty,e,Engineer
o,Operator,30-01-2023 | 16:37:31.819,TopVision,26,26,0,CodeReader,285,26,26,OK,N/A,N/A,N/A
o,Operator,30-01-2023 | 16:37:37.066,TopVision,26,26,0,CodeReader,285,26,52,OK,N/A,N/A,N/A
o,Operator,30-01-2023 | 16:37:39.835,TopVision,26,26,0,CodeReader,285,26,78,OK,N/A,N/A,N/A
o,Operator,30-01-2023 | 16:37:45.343,TopVision,26,26,0,CodeReader,285,26,104,OK,N/A,N/A,N/A
o,Operator,30-01-2023 | 16:37:50.016,TopVision,26,26,0,CodeReader,285,26,130,OK,N/A,N/A,N/A
o,Operator,30-01-2023 | 16:37:53.724,TopVision,26,26,0,CodeReader,285,26,156,OK,N/A,N/A,N/A
o,Operator,30-01-2023 | 16:37:55.959,TopVision,26,26,0,CodeReader,285,26,182,OK,N/A,N/A,N/A
o,Operator,30-01-2023 | 16:37:58.239,TopVision,26,26,0,CodeReader,285,26,208,OK,N/A,N/A,N/A
o,Operator,30-01-2023 | 16:38:00.704,TopVision,26,26,0,CodeReader,285,26,234,OK,N/A,N/A,N/A
o,Operator,30-01-2023 | 16:38:02.908,TopVision,26,26,0,CodeReader,285,26,260,OK,N/A,N/A,N/A
o,Operator,30-01-2023 | 16:38:14.596,TopVision,26,26,0,CodeReader,285,26,286,NG,ExceedTotalBatchQty,a,Admin
o,Operator,30-01-2023 | 17:14:10.094,TopVision,26,26,0,CodeReader,285,26,26,OK,N/A,N/A,N/A
o,Operator,30-01-2023 | 17:14:16.278,TopVision,26,26,0,CodeReader,285,26,26,OK,N/A,N/A,N/A
o,Operator,30-01-2023 | 17:15:21.986,TopVision,26,26,0,CodeReader,285,26,26,OK,N/A,N/A,N/A
o,Operator,30-01-2023 | 17:15:38.652,TopVision,26,26,0,CodeReader,285,26,52,OK,N/A,N/A,N/A
o,Operator,30-01-2023 | 17:15:41.133,TopVision,26,26,0,CodeReader,285,26,78,OK,N/A,N/A,N/A
o,Operator,30-01-2023 | 17:15:43.503,TopVision,26,26,0,CodeReader,285,26,104,OK,N/A,N/A,N/A
o,Operator,30-01-2023 | 17:15:45.598,TopVision,26,26,0,CodeReader,285,26,130,OK,N/A,N/A,N/A
o,Operator,30-01-2023 | 17:15:55.680,TopVision,26,26,0,CodeReader,285,26,156,OK,N/A,N/A,N/A
o,Operator,30-01-2023 | 17:15:58.374,TopVision,26,26,0,CodeReader,285,26,182,OK,N/A,N/A,N/A
o,Operator,30-01-2023 | 17:16:00.319,TopVision,26,26,0,CodeReader,285,26,208,OK,N/A,N/A,N/A
o,Operator,30-01-2023 | 17:16:02.685,TopVision,26,26,0,CodeReader,285,26,234,OK,N/A,N/A,N/A
o,Operator,30-01-2023 | 17:16:05.930,TopVision,26,26,0,CodeReader,285,26,260,OK,N/A,N/A,N/A
o,Operator,30-01-2023 | 17:16:12.176,TopVision,26,26,0,CodeReader,285,26,260,OK,N/A,N/A,N/A
o,Operator,30-01-2023 | 17:16:35.493,TopVision,26,26,0,CodeReader,285,10,0,NG,BoxQtyNotMatch,a,Admin
o,Operator,30-01-2023 | 17:16:48.432,TopVision,26,26,0,CodeReader,285,10,0,NG,BoxQtyNotMatch,a,Admin
o,Operator,30-01-2023 | 17:21:09.907,TopVision,26,26,0,CodeReader,285,26,26,OK,N/A,N/A,N/A
o,Operator,30-01-2023 | 17:23:07.651,TopVision,26,26,0,CodeReader,285,26,26,OK,N/A,N/A,N/A
o,Operator,30-01-2023 | 17:23:14.656,TopVision,26,26,0,CodeReader,285,26,52,OK,N/A,N/A,N/A
o,Operator,30-01-2023 | 17:23:19.931,TopVision,26,26,0,CodeReader,285,26,52,OK,N/A,N/A,N/A
o,Operator,30-01-2023 | 17:35:07.144,TopVision,26,26,0,CodeReader,285,26,26,OK,N/A,N/A,N/A
o,Operator,30-01-2023 | 17:35:19.067,TopVision,26,26,0,CodeReader,285,26,52,OK,N/A,N/A,N/A
o,Operator,30-01-2023 | 17:35:22.398,TopVision,26,26,0,CodeReader,285,26,78,OK,N/A,N/A,N/A
o,Operator,30-01-2023 | 17:35:24.641,TopVision,26,26,0,CodeReader,285,26,104,OK,N/A,N/A,N/A
o,Operator,30-01-2023 | 17:35:26.936,TopVision,26,26,0,CodeReader,285,26,130,OK,N/A,N/A,N/A
o,Operator,30-01-2023 | 17:35:28.795,TopVision,26,26,0,CodeReader,285,26,156,OK,N/A,N/A,N/A
o,Operator,30-01-2023 | 17:35:30.640,TopVision,26,26,0,CodeReader,285,26,182,OK,N/A,N/A,N/A
o,Operator,30-01-2023 | 17:35:33.017,TopVision,26,26,0,CodeReader,285,26,208,OK,N/A,N/A,N/A
o,Operator,30-01-2023 | 17:35:34.845,TopVision,26,26,0,CodeReader,285,26,234,OK,N/A,N/A,N/A
o,Operator,30-01-2023 | 17:35:36.700,TopVision,26,26,0,CodeReader,285,26,260,OK,N/A,N/A,N/A
o,Operator,30-01-2023 | 17:35:58.248,TopVision,26,26,0,CodeReader,285,26,286,NG,ExceedTotalBatchQty,o,Engineer
o,Operator,30-01-2023 | 17:36:16.105,TopVision,26,26,0,CodeReader,285,26,312,NG,ExceedTotalBatchQty,a,Admin
o,Operator,30-01-2023 | 17:36:30.101,TopVision,26,26,0,CodeReader,285,26,338,NG,ExceedTotalBatchQty,a,Admin
