User ID,User Level,Timestamp,Inspection Type,Total Quantity,Correct Orientation,Wrong Orientation,Inspection Type,Decoded Batch Quantity,Decoded Box Quantity,Accumulated Batch Quantity,Overall Result,Messages,Remarks,Approved By
a,Admin,11-01-2023 | 09:19:04.912,TopVision,26,26,0,CodeReader,281,26,26,OK,N/A,N/A,N/A
a,Admin,11-01-2023 | 09:19:13.135,TopVision,26,26,0,CodeReader,281,26,52,OK,N/A,N/A,N/A
a,Admin,11-01-2023 | 09:19:22.939,TopVision,26,26,0,CodeReader,281,26,78,OK,N/A,N/A,N/A
a,Admin,11-01-2023 | 09:19:35.357,TopVision,26,26,0,CodeReader,281,26,104,OK,N/A,N/A,N/A
a,Admin,11-01-2023 | 09:19:37.898,TopVision,26,26,0,CodeReader,281,26,130,OK,N/A,N/A,N/A
a,Admin,11-01-2023 | 09:19:53.356,TopVision,26,26,0,CodeReader,281,26,156,OK,N/A,N/A,N/A
a,Admin,11-01-2023 | 11:09:50.117,TopVision,26,26,0,CodeReader,281,26,26,OK,N/A,N/A,N/A
a,Admin,11-01-2023 | 11:09:53.807,TopVision,26,26,0,CodeReader,281,26,52,OK,N/A,N/A,N/A
a,Admin,11-01-2023 | 11:09:55.538,TopVision,26,26,0,CodeReader,281,26,78,OK,N/A,N/A,N/A
a,Admin,11-01-2023 | 11:09:57.086,TopVision,26,26,0,CodeReader,281,26,104,OK,N/A,N/A,N/A
a,Admin,11-01-2023 | 11:09:58.622,TopVision,26,26,0,CodeReader,281,26,130,OK,N/A,N/A,N/A
a,Admin,11-01-2023 | 11:10:03.873,TopVision,26,26,0,CodeReader,281,26,156,OK,N/A,N/A,N/A
a,Admin,11-01-2023 | 11:17:08.404,TopVision,26,26,0,CodeReader,281,26,156,NG,BatchNotMatch,N/A,Admin
a,Admin,11-01-2023 | 11:18:38.153,TopVision,26,26,0,CodeReader,281,26,26,OK,N/A,N/A,N/A
a,Admin,11-01-2023 | 11:18:40.891,TopVision,26,26,0,CodeReader,281,26,52,OK,N/A,N/A,N/A
a,Admin,11-01-2023 | 11:18:42.396,TopVision,26,26,0,CodeReader,281,26,78,OK,N/A,N/A,N/A
a,Admin,11-01-2023 | 11:18:43.896,TopVision,26,26,0,CodeReader,281,26,104,OK,N/A,N/A,N/A
a,Admin,11-01-2023 | 11:18:45.493,TopVision,26,26,0,CodeReader,281,26,130,OK,N/A,N/A,N/A
a,Admin,11-01-2023 | 11:18:47.004,TopVision,26,26,0,CodeReader,281,26,156,OK,N/A,N/A,N/A
a,Admin,11-01-2023 | 11:18:48.496,TopVision,26,26,0,CodeReader,281,26,182,OK,N/A,N/A,N/A
a,Admin,11-01-2023 | 11:18:50.030,TopVision,26,26,0,CodeReader,281,26,208,OK,N/A,N/A,N/A
a,Admin,11-01-2023 | 11:18:51.508,TopVision,26,26,0,CodeReader,281,26,234,OK,N/A,N/A,N/A
a,Admin,11-01-2023 | 11:18:53.154,TopVision,26,26,0,CodeReader,281,26,260,OK,N/A,N/A,N/A
a,Admin,11-01-2023 | 11:19:07.799,TopVision,26,26,0,CodeReader,281,26,286,NG,ExceedTotalBatchQty,test1,Engineer
a,Admin,11-01-2023 | 11:19:23.325,TopVision,26,26,0,CodeReader,281,26,312,NG,ExceedTotalBatchQty,test2,Engineer
a,Admin,11-01-2023 | 11:19:39.349,TopVision,26,26,0,CodeReader,281,26,26,OK,N/A,N/A,N/A
a,Admin,11-01-2023 | 11:20:08.226,TopVision,26,26,0,CodeReader,285,26,26,NG,BatchNotMatch,test3,Technician
a,Admin,11-01-2023 | 11:20:17.126,TopVision,26,26,0,CodeReader,281,26,52,OK,N/A,N/A,N/A
a,Admin,11-01-2023 | 11:21:16.847,TopVision,26,26,0,CodeReader,281,26,26,OK,N/A,N/A,N/A
a,Admin,11-01-2023 | 11:21:56.960,TopVision,26,26,0,CodeReader,285,26,26,NG,BatchNotMatch,test4,Admin
a,Admin,11-01-2023 | 11:22:08.576,TopVision,26,26,0,CodeReader,281,26,26,OK,N/A,N/A,N/A
a,Admin,11-01-2023 | 11:22:17.809,TopVision,26,26,0,CodeReader,281,26,52,OK,N/A,N/A,N/A
a,Admin,11-01-2023 | 11:22:52.741,TopVision,26,26,0,CodeReader,281,26,78,OK,N/A,N/A,N/A
a,Admin,11-01-2023 | 11:23:06.107,TopVision,26,26,0,CodeReader,281,26,104,OK,N/A,N/A,N/A
e,Engineer,11-01-2023 | 11:26:26.847,TopVision,26,26,0,CodeReader,281,26,26,OK,N/A,N/A,N/A
e,Engineer,11-01-2023 | 11:26:29.577,TopVision,26,26,0,CodeReader,281,26,52,OK,N/A,N/A,N/A
e,Engineer,11-01-2023 | 11:26:31.111,TopVision,26,26,0,CodeReader,281,26,78,OK,N/A,N/A,N/A
e,Engineer,11-01-2023 | 11:26:32.671,TopVision,26,26,0,CodeReader,281,26,104,OK,N/A,N/A,N/A
e,Engineer,11-01-2023 | 11:26:34.197,TopVision,26,26,0,CodeReader,281,26,130,OK,N/A,N/A,N/A
e,Engineer,11-01-2023 | 11:26:35.698,TopVision,26,26,0,CodeReader,281,26,156,OK,N/A,N/A,N/A
e,Engineer,11-01-2023 | 11:26:37.228,TopVision,26,26,0,CodeReader,281,26,182,OK,N/A,N/A,N/A
e,Engineer,11-01-2023 | 11:26:38.813,TopVision,26,26,0,CodeReader,281,26,208,OK,N/A,N/A,N/A
e,Engineer,11-01-2023 | 11:26:40.312,TopVision,26,26,0,CodeReader,281,26,234,OK,N/A,N/A,N/A
e,Engineer,11-01-2023 | 11:26:41.960,TopVision,26,26,0,CodeReader,281,26,260,OK,N/A,N/A,N/A
e,Engineer,11-01-2023 | 11:29:57.378,TopVision,26,26,0,CodeReader,281,26,286,NG,ExceedTotalBatchQty,N/A,Admin
e,Engineer,11-01-2023 | 11:30:01.732,TopVision,26,26,0,CodeReader,281,26,26,OK,N/A,N/A,N/A
e,Engineer,11-01-2023 | 11:30:07.268,TopVision,26,26,0,CodeReader,281,26,52,OK,N/A,N/A,N/A
e,Engineer,11-01-2023 | 11:31:05.738,TopVision,14,14,0,CodeReader,281,26,52,NG,BoxQtyNotMatch,N/A,Admin
e,Engineer,11-01-2023 | 11:34:14.275,TopVision,26,26,0,CodeReader,281,26,26,OK,N/A,N/A,N/A
e,Engineer,11-01-2023 | 11:34:42.416,TopVision,26,26,0,CodeReader,281,26,52,OK,N/A,N/A,N/A
e,Engineer,11-01-2023 | 11:34:44.707,TopVision,26,26,0,CodeReader,281,26,78,OK,N/A,N/A,N/A
e,Engineer,11-01-2023 | 11:34:56.770,TopVision,26,26,0,CodeReader,281,26,26,OK,N/A,N/A,N/A
e,Engineer,11-01-2023 | 11:35:13.024,TopVision,26,26,0,CodeReader,281,26,52,OK,N/A,N/A,N/A
e,Engineer,11-01-2023 | 11:35:27.236,TopVision,26,26,0,CodeReader,281,26,78,OK,N/A,N/A,N/A
a,Admin,11-01-2023 | 11:45:09.794,TopVision,26,26,0,CodeReader,281,26,26,OK,N/A,N/A,N/A
a,Admin,11-01-2023 | 11:45:14.796,TopVision,26,26,0,CodeReader,281,26,52,OK,N/A,N/A,N/A
a,Admin,11-01-2023 | 11:45:17.003,TopVision,26,26,0,CodeReader,281,26,78,OK,N/A,N/A,N/A
a,Admin,11-01-2023 | 11:45:32.780,TopVision,26,26,0,CodeReader,281,26,104,OK,N/A,N/A,N/A
a,Admin,11-01-2023 | 11:45:36.111,TopVision,26,26,0,CodeReader,281,26,130,OK,N/A,N/A,N/A
a,Admin,11-01-2023 | 11:45:41.861,TopVision,26,26,0,CodeReader,281,26,156,OK,N/A,N/A,N/A
a,Admin,11-01-2023 | 11:45:45.877,TopVision,26,26,0,CodeReader,281,26,182,OK,N/A,N/A,N/A
a,Admin,11-01-2023 | 11:46:14.469,TopVision,19,19,0,CodeReader,281,26,182,NG,BoxQtyNotMatch,N/A,Technician
a,Admin,11-01-2023 | 11:46:37.358,TopVision,26,26,0,CodeReader,281,26,26,OK,N/A,N/A,N/A
a,Admin,11-01-2023 | 11:46:40.100,TopVision,26,26,0,CodeReader,281,26,52,OK,N/A,N/A,N/A
a,Admin,11-01-2023 | 11:46:41.738,TopVision,26,26,0,CodeReader,281,26,78,OK,N/A,N/A,N/A
a,Admin,11-01-2023 | 11:46:43.459,TopVision,26,26,0,CodeReader,281,26,104,OK,N/A,N/A,N/A
a,Admin,11-01-2023 | 11:46:45.594,TopVision,26,26,0,CodeReader,281,26,130,OK,N/A,N/A,N/A
a,Admin,11-01-2023 | 11:46:47.186,TopVision,26,26,0,CodeReader,281,26,156,OK,N/A,N/A,N/A
a,Admin,11-01-2023 | 11:46:48.702,TopVision,26,26,0,CodeReader,281,26,182,OK,N/A,N/A,N/A
a,Admin,11-01-2023 | 11:46:50.210,TopVision,26,26,0,CodeReader,281,26,208,OK,N/A,N/A,N/A
a,Admin,11-01-2023 | 11:46:51.601,TopVision,26,26,0,CodeReader,281,26,234,OK,N/A,N/A,N/A
a,Admin,11-01-2023 | 11:46:53.199,TopVision,26,26,0,CodeReader,281,26,260,OK,N/A,N/A,N/A
a,Admin,11-01-2023 | 11:47:10.947,TopVision,26,26,0,CodeReader,281,26,286,NG,ExceedTotalBatchQty,N/A,Admin
a,Admin,11-01-2023 | 11:47:19.706,TopVision,26,26,0,CodeReader,281,26,312,NG,ExceedTotalBatchQty,N/A,Admin
a,Admin,11-01-2023 | 11:47:34.244,TopVision,26,26,0,CodeReader,281,26,26,OK,N/A,N/A,N/A
a,Admin,11-01-2023 | 11:47:36.660,TopVision,26,26,0,CodeReader,281,26,52,OK,N/A,N/A,N/A
e,Engineer,11-01-2023 | 11:57:32.392,TopVision,26,26,0,CodeReader,281,26,26,OK,N/A,N/A,N/A
e,Engineer,11-01-2023 | 11:57:34.879,TopVision,26,26,0,CodeReader,281,26,52,OK,N/A,N/A,N/A
e,Engineer,11-01-2023 | 11:57:39.081,TopVision,26,26,0,CodeReader,281,26,78,OK,N/A,N/A,N/A
a,Admin,11-01-2023 | 11:58:05.558,TopVision,26,26,0,CodeReader,281,26,26,OK,N/A,N/A,N/A
a,Admin,11-01-2023 | 11:58:14.245,TopVision,26,26,0,CodeReader,285,26,26,NG,BatchNotMatch,N/A,Admin
a,Admin,11-01-2023 | 11:58:17.816,TopVision,26,26,0,CodeReader,281,26,26,OK,N/A,N/A,N/A
a,Admin,11-01-2023 | 12:00:36.184,TopVision,26,26,0,CodeReader,281,26,26,OK,N/A,N/A,N/A
a,Admin,11-01-2023 | 12:00:38.380,TopVision,26,26,0,CodeReader,281,26,52,OK,N/A,N/A,N/A
a,Admin,11-01-2023 | 12:00:41.705,TopVision,26,26,0,CodeReader,281,26,78,OK,N/A,N/A,N/A
a,Admin,11-01-2023 | 12:00:43.850,TopVision,26,26,0,CodeReader,281,26,26,OK,N/A,N/A,N/A
a,Admin,11-01-2023 | 12:00:46.401,TopVision,26,26,0,CodeReader,281,26,52,OK,N/A,N/A,N/A
a,Admin,11-01-2023 | 12:00:55.287,TopVision,26,26,0,CodeReader,281,26,26,OK,N/A,N/A,N/A
a,Admin,11-01-2023 | 12:00:58.145,TopVision,26,26,0,CodeReader,281,26,52,OK,N/A,N/A,N/A
a,Admin,11-01-2023 | 12:00:59.536,TopVision,26,26,0,CodeReader,281,26,78,OK,N/A,N/A,N/A
a,Admin,11-01-2023 | 12:01:00.928,TopVision,26,26,0,CodeReader,281,26,104,OK,N/A,N/A,N/A
a,Admin,11-01-2023 | 12:01:02.372,TopVision,26,26,0,CodeReader,281,26,130,OK,N/A,N/A,N/A
a,Admin,11-01-2023 | 12:01:03.743,TopVision,26,26,0,CodeReader,281,26,156,OK,N/A,N/A,N/A
a,Admin,11-01-2023 | 12:01:05.167,TopVision,26,26,0,CodeReader,281,26,182,OK,N/A,N/A,N/A
a,Admin,11-01-2023 | 12:01:06.567,TopVision,26,26,0,CodeReader,281,26,208,OK,N/A,N/A,N/A
a,Admin,11-01-2023 | 12:01:08.005,TopVision,26,26,0,CodeReader,281,26,234,OK,N/A,N/A,N/A
a,Admin,11-01-2023 | 12:01:09.687,TopVision,26,26,0,CodeReader,281,26,260,OK,N/A,N/A,N/A
a,Admin,11-01-2023 | 12:01:17.327,TopVision,26,26,0,CodeReader,281,26,286,NG,ExceedTotalBatchQty,test6,Admin
a,Admin,11-01-2023 | 12:01:20.895,TopVision,26,26,0,CodeReader,281,26,26,OK,N/A,N/A,N/A
o,Operator,11-01-2023 | 12:01:45.308,TopVision,26,26,0,CodeReader,281,26,26,OK,N/A,N/A,N/A
e,Engineer,11-01-2023 | 12:18:48.265,TopVision,26,26,0,CodeReader,281,26,26,OK,N/A,N/A,N/A
e,Engineer,11-01-2023 | 12:18:50.901,TopVision,26,26,0,CodeReader,281,26,52,OK,N/A,N/A,N/A
e,Engineer,11-01-2023 | 12:18:54.055,TopVision,26,26,0,CodeReader,281,26,78,OK,N/A,N/A,N/A
e,Engineer,11-01-2023 | 12:18:55.575,TopVision,26,26,0,CodeReader,281,26,104,OK,N/A,N/A,N/A
e,Engineer,11-01-2023 | 12:18:56.948,TopVision,26,26,0,CodeReader,281,26,130,OK,N/A,N/A,N/A
e,Engineer,11-01-2023 | 12:18:58.332,TopVision,26,26,0,CodeReader,281,26,156,OK,N/A,N/A,N/A
e,Engineer,11-01-2023 | 12:18:59.849,TopVision,26,26,0,CodeReader,281,26,182,OK,N/A,N/A,N/A
e,Engineer,11-01-2023 | 12:19:01.351,TopVision,26,26,0,CodeReader,281,26,208,OK,N/A,N/A,N/A
e,Engineer,11-01-2023 | 12:19:03.056,TopVision,26,26,0,CodeReader,281,26,234,OK,N/A,N/A,N/A
e,Engineer,11-01-2023 | 12:19:04.558,TopVision,26,26,0,CodeReader,281,26,260,OK,N/A,N/A,N/A
e,Engineer,11-01-2023 | 12:19:09.947,TopVision,26,26,0,CodeReader,281,26,286,NG,ExceedTotalBatchQty,N/A,Admin
a,Admin,11-01-2023 | 12:23:18.154,TopVision,26,26,0,CodeReader,281,26,26,OK,N/A,N/A,N/A
a,Admin,11-01-2023 | 12:23:20.626,TopVision,26,26,0,CodeReader,281,26,52,OK,N/A,N/A,N/A
a,Admin,11-01-2023 | 12:23:22.153,TopVision,26,26,0,CodeReader,281,26,78,OK,N/A,N/A,N/A
a,Admin,11-01-2023 | 12:23:23.537,TopVision,26,26,0,CodeReader,281,26,104,OK,N/A,N/A,N/A
a,Admin,11-01-2023 | 12:23:25.494,TopVision,26,26,0,CodeReader,281,26,130,OK,N/A,N/A,N/A
a,Admin,11-01-2023 | 12:23:27.095,TopVision,26,26,0,CodeReader,281,26,156,OK,N/A,N/A,N/A
a,Admin,11-01-2023 | 12:23:28.718,TopVision,26,26,0,CodeReader,281,26,182,OK,N/A,N/A,N/A
a,Admin,11-01-2023 | 12:23:30.416,TopVision,26,26,0,CodeReader,281,26,208,OK,N/A,N/A,N/A
a,Admin,11-01-2023 | 12:23:31.874,TopVision,26,26,0,CodeReader,281,26,234,OK,N/A,N/A,N/A
a,Admin,11-01-2023 | 12:23:33.500,TopVision,26,26,0,CodeReader,281,26,260,OK,N/A,N/A,N/A
a,Admin,11-01-2023 | 12:23:43.978,TopVision,26,26,0,CodeReader,281,26,286,NG,ExceedTotalBatchQty,N/A,Admin
a,Admin,11-01-2023 | 13:57:41.201,TopVision,26,26,0,CodeReader,281,26,26,OK,N/A,N/A,N/A
a,Admin,11-01-2023 | 13:57:43.698,TopVision,26,26,0,CodeReader,281,26,52,OK,N/A,N/A,N/A
a,Admin,11-01-2023 | 13:57:45.238,TopVision,26,26,0,CodeReader,281,26,78,OK,N/A,N/A,N/A
a,Admin,11-01-2023 | 13:57:46.715,TopVision,26,26,0,CodeReader,281,26,104,OK,N/A,N/A,N/A
a,Admin,11-01-2023 | 13:57:48.226,TopVision,26,26,0,CodeReader,281,26,130,OK,N/A,N/A,N/A
a,Admin,11-01-2023 | 13:57:49.648,TopVision,26,26,0,CodeReader,281,26,156,OK,N/A,N/A,N/A
a,Admin,11-01-2023 | 13:57:51.693,TopVision,26,26,0,CodeReader,281,26,182,OK,N/A,N/A,N/A
a,Admin,11-01-2023 | 13:57:53.844,TopVision,26,26,0,CodeReader,281,26,208,OK,N/A,N/A,N/A
a,Admin,11-01-2023 | 13:57:55.767,TopVision,26,26,0,CodeReader,281,26,234,OK,N/A,N/A,N/A
a,Admin,11-01-2023 | 13:57:57.971,TopVision,26,26,0,CodeReader,281,26,260,OK,N/A,N/A,N/A
a,Admin,11-01-2023 | 13:58:17.484,TopVision,26,26,0,CodeReader,281,26,286,NG,ExceedTotalBatchQty,N/A,Admin
a,Admin,11-01-2023 | 13:58:54.284,TopVision,26,26,0,CodeReader,281,26,26,OK,N/A,N/A,N/A
a,Admin,11-01-2023 | 13:58:57.953,TopVision,26,26,0,CodeReader,281,26,26,OK,N/A,N/A,N/A
a,Admin,11-01-2023 | 13:59:04.391,TopVision,26,26,0,CodeReader,281,26,52,OK,N/A,N/A,N/A
a,Admin,11-01-2023 | 13:59:08.319,TopVision,26,26,0,CodeReader,281,26,78,OK,N/A,N/A,N/A
a,Admin,11-01-2023 | 13:59:18.932,TopVision,26,26,0,CodeReader,281,26,104,OK,N/A,N/A,N/A
a,Admin,11-01-2023 | 14:03:48.741,TopVision,26,26,0,CodeReader,281,26,26,OK,N/A,N/A,N/A
a,Admin,11-01-2023 | 14:03:51.000,TopVision,26,26,0,CodeReader,281,26,52,OK,N/A,N/A,N/A
a,Admin,11-01-2023 | 14:03:52.507,TopVision,26,26,0,CodeReader,281,26,78,OK,N/A,N/A,N/A
a,Admin,11-01-2023 | 14:03:54.109,TopVision,26,26,0,CodeReader,281,26,104,OK,N/A,N/A,N/A
a,Admin,11-01-2023 | 14:03:55.767,TopVision,26,26,0,CodeReader,281,26,130,OK,N/A,N/A,N/A
a,Admin,11-01-2023 | 14:03:57.255,TopVision,26,26,0,CodeReader,281,26,156,OK,N/A,N/A,N/A
a,Admin,11-01-2023 | 14:03:58.894,TopVision,26,26,0,CodeReader,281,26,182,OK,N/A,N/A,N/A
a,Admin,11-01-2023 | 14:04:00.513,TopVision,26,26,0,CodeReader,281,26,208,OK,N/A,N/A,N/A
a,Admin,11-01-2023 | 14:04:01.921,TopVision,26,26,0,CodeReader,281,26,234,OK,N/A,N/A,N/A
a,Admin,11-01-2023 | 14:04:03.426,TopVision,26,26,0,CodeReader,281,26,260,OK,N/A,N/A,N/A
a,Admin,11-01-2023 | 14:04:09.055,TopVision,26,26,0,CodeReader,281,26,286,NG,ExceedTotalBatchQty,N/A,Admin
a,Admin,11-01-2023 | 15:50:16.442,TopVision,26,26,0,CodeReader,281,26,26,OK,N/A,N/A,N/A
a,Admin,11-01-2023 | 15:50:19.978,TopVision,26,26,0,CodeReader,281,26,52,OK,N/A,N/A,N/A
a,Admin,11-01-2023 | 15:50:21.667,TopVision,26,26,0,CodeReader,281,26,78,OK,N/A,N/A,N/A
a,Admin,11-01-2023 | 15:50:22.880,TopVision,26,26,0,CodeReader,281,26,104,OK,N/A,N/A,N/A
a,Admin,11-01-2023 | 15:50:24.093,TopVision,26,26,0,CodeReader,281,26,130,OK,N/A,N/A,N/A
a,Admin,11-01-2023 | 15:50:25.311,TopVision,26,26,0,CodeReader,281,26,156,OK,N/A,N/A,N/A
a,Admin,11-01-2023 | 15:50:26.537,TopVision,26,26,0,CodeReader,281,26,182,OK,N/A,N/A,N/A
a,Admin,11-01-2023 | 15:50:27.749,TopVision,26,26,0,CodeReader,281,26,208,OK,N/A,N/A,N/A
a,Admin,11-01-2023 | 15:50:28.971,TopVision,26,26,0,CodeReader,281,26,234,OK,N/A,N/A,N/A
a,Admin,11-01-2023 | 15:50:30.187,TopVision,26,26,0,CodeReader,281,26,260,OK,N/A,N/A,N/A
a,Admin,11-01-2023 | 15:50:47.356,TopVision,26,26,0,CodeReader,285,26,260,NG,BoxQtyNotMatch,N/A,Technician
a,Admin,11-01-2023 | 15:50:54.408,TopVision,26,26,0,CodeReader,281,26,26,OK,N/A,N/A,N/A
a,Admin,11-01-2023 | 15:50:58.351,TopVision,0,0,0,CodeReader,0,0,26,OK,N/A,N/A,N/A
a,Admin,11-01-2023 | 15:51:00.660,TopVision,26,26,0,CodeReader,281,26,52,OK,N/A,N/A,N/A
a,Admin,11-01-2023 | 15:51:06.596,TopVision,26,26,0,CodeReader,281,26,26,OK,N/A,N/A,N/A
a,Admin,11-01-2023 | 15:51:08.894,TopVision,26,26,0,CodeReader,281,26,52,OK,N/A,N/A,N/A
a,Admin,11-01-2023 | 15:51:10.413,TopVision,26,26,0,CodeReader,281,26,78,OK,N/A,N/A,N/A
a,Admin,11-01-2023 | 15:51:11.800,TopVision,26,26,0,CodeReader,281,26,104,OK,N/A,N/A,N/A
a,Admin,11-01-2023 | 15:51:13.271,TopVision,26,26,0,CodeReader,281,26,130,OK,N/A,N/A,N/A
a,Admin,11-01-2023 | 15:51:15.263,TopVision,26,26,0,CodeReader,281,26,156,OK,N/A,N/A,N/A
a,Admin,11-01-2023 | 15:52:31.881,TopVision,26,26,0,CodeReader,281,26,26,OK,N/A,N/A,N/A
a,Admin,11-01-2023 | 15:52:34.555,TopVision,26,26,0,CodeReader,281,26,52,OK,N/A,N/A,N/A
a,Admin,11-01-2023 | 15:52:44.575,TopVision,26,26,0,CodeReader,281,26,78,OK,N/A,N/A,N/A
a,Admin,11-01-2023 | 15:53:15.846,TopVision,26,26,0,CodeReader,285,26,78,NG,BatchNotMatch,N/A,Admin
a,Admin,11-01-2023 | 15:53:18.734,TopVision,26,26,0,CodeReader,281,26,104,OK,N/A,N/A,N/A
a,Admin,11-01-2023 | 15:53:28.692,TopVision,26,26,0,CodeReader,281,26,26,OK,N/A,N/A,N/A
a,Admin,11-01-2023 | 15:53:51.802,TopVision,26,26,0,CodeReader,281,26,52,OK,N/A,N/A,N/A
a,Admin,11-01-2023 | 15:53:56.174,TopVision,26,26,0,CodeReader,281,26,26,OK,N/A,N/A,N/A
a,Admin,11-01-2023 | 15:53:59.202,TopVision,26,26,0,CodeReader,281,26,52,OK,N/A,N/A,N/A
a,Admin,11-01-2023 | 15:54:01.827,TopVision,26,26,0,CodeReader,281,26,78,OK,N/A,N/A,N/A
a,Admin,11-01-2023 | 15:54:41.917,TopVision,26,26,0,CodeReader,281,26,26,OK,N/A,N/A,N/A
a,Admin,11-01-2023 | 15:54:45.078,TopVision,26,26,0,CodeReader,281,26,52,OK,N/A,N/A,N/A
a,Admin,11-01-2023 | 15:54:57.136,TopVision,15,15,0,CodeReader,281,26,52,NG,BoxQtyNotMatch,N/A,Admin
a,Admin,11-01-2023 | 15:55:24.181,TopVision,26,26,0,CodeReader,281,26,26,OK,N/A,N/A,N/A
a,Admin,11-01-2023 | 15:55:26.432,TopVision,26,26,0,CodeReader,281,26,52,OK,N/A,N/A,N/A
a,Admin,11-01-2023 | 15:55:28.062,TopVision,26,26,0,CodeReader,281,26,78,OK,N/A,N/A,N/A
a,Admin,11-01-2023 | 15:55:29.442,TopVision,26,26,0,CodeReader,281,26,104,OK,N/A,N/A,N/A
a,Admin,11-01-2023 | 15:55:30.930,TopVision,26,26,0,CodeReader,281,26,130,OK,N/A,N/A,N/A
a,Admin,11-01-2023 | 15:55:32.443,TopVision,26,26,0,CodeReader,281,26,156,OK,N/A,N/A,N/A
a,Admin,11-01-2023 | 15:55:33.831,TopVision,26,26,0,CodeReader,281,26,182,OK,N/A,N/A,N/A
a,Admin,11-01-2023 | 15:55:35.210,TopVision,26,26,0,CodeReader,281,26,208,OK,N/A,N/A,N/A
a,Admin,11-01-2023 | 15:55:36.707,TopVision,26,26,0,CodeReader,281,26,234,OK,N/A,N/A,N/A
a,Admin,11-01-2023 | 15:55:38.197,TopVision,26,26,0,CodeReader,281,26,260,OK,N/A,N/A,N/A
a,Admin,11-01-2023 | 15:55:46.305,TopVision,26,26,0,CodeReader,281,26,286,NG,ExceedTotalBatchQty,r,Engineer
a,Admin,11-01-2023 | 15:56:10.202,TopVision,26,26,0,CodeReader,281,26,26,OK,N/A,N/A,N/A
o,Operator,11-01-2023 | 15:56:48.359,TopVision,26,26,0,CodeReader,281,26,26,OK,N/A,N/A,N/A
o,Operator,11-01-2023 | 15:56:51.582,TopVision,26,26,0,CodeReader,281,26,26,OK,N/A,N/A,N/A
o,Operator,11-01-2023 | 15:56:53.537,TopVision,26,26,0,CodeReader,281,26,52,OK,N/A,N/A,N/A
o,Operator,11-01-2023 | 15:56:55.519,TopVision,26,26,0,CodeReader,281,26,78,OK,N/A,N/A,N/A
o,Operator,11-01-2023 | 15:56:57.254,TopVision,26,26,0,CodeReader,281,26,104,OK,N/A,N/A,N/A
o,Operator,11-01-2023 | 15:56:59.358,TopVision,26,26,0,CodeReader,281,26,130,OK,N/A,N/A,N/A
o,Operator,11-01-2023 | 15:57:00.868,TopVision,26,26,0,CodeReader,281,26,156,OK,N/A,N/A,N/A
o,Operator,11-01-2023 | 15:57:02.427,TopVision,26,26,0,CodeReader,281,26,182,OK,N/A,N/A,N/A
o,Operator,11-01-2023 | 15:57:03.991,TopVision,26,26,0,CodeReader,281,26,208,OK,N/A,N/A,N/A
o,Operator,11-01-2023 | 15:57:05.953,TopVision,26,26,0,CodeReader,281,26,234,OK,N/A,N/A,N/A
o,Operator,11-01-2023 | 15:57:08.058,TopVision,26,26,0,CodeReader,281,26,260,OK,N/A,N/A,N/A
o,Operator,11-01-2023 | 15:57:12.865,TopVision,26,26,0,CodeReader,281,26,286,NG,ExceedTotalBatchQty,N/A,Admin
o,Operator,11-01-2023 | 15:57:30.545,TopVision,26,26,0,CodeReader,281,26,26,OK,N/A,N/A,N/A
o,Operator,11-01-2023 | 15:57:32.580,TopVision,26,26,0,CodeReader,281,26,52,OK,N/A,N/A,N/A
o,Operator,11-01-2023 | 15:57:34.072,TopVision,26,26,0,CodeReader,281,26,78,OK,N/A,N/A,N/A
o,Operator,11-01-2023 | 15:57:35.554,TopVision,26,26,0,CodeReader,281,26,104,OK,N/A,N/A,N/A
o,Operator,11-01-2023 | 15:57:37.204,TopVision,26,26,0,CodeReader,281,26,130,OK,N/A,N/A,N/A
o,Operator,11-01-2023 | 15:57:38.962,TopVision,26,26,0,CodeReader,281,26,156,OK,N/A,N/A,N/A
o,Operator,11-01-2023 | 15:57:40.603,TopVision,26,26,0,CodeReader,281,26,182,OK,N/A,N/A,N/A
o,Operator,11-01-2023 | 15:57:42.209,TopVision,26,26,0,CodeReader,281,26,208,OK,N/A,N/A,N/A
o,Operator,11-01-2023 | 15:57:43.672,TopVision,26,26,0,CodeReader,281,26,234,OK,N/A,N/A,N/A
o,Operator,11-01-2023 | 15:57:45.537,TopVision,26,26,0,CodeReader,281,26,260,OK,N/A,N/A,N/A
o,Operator,11-01-2023 | 15:57:50.671,TopVision,26,26,0,CodeReader,281,26,286,NG,ExceedTotalBatchQty,N/A,Technician
e,Engineer,11-01-2023 | 15:58:16.561,TopVision,26,26,0,CodeReader,281,26,26,OK,N/A,N/A,N/A
a,Admin,11-01-2023 | 15:59:15.213,TopVision,26,26,0,CodeReader,281,26,26,OK,N/A,N/A,N/A
a,Admin,11-01-2023 | 16:01:03.714,TopVision,26,26,0,CodeReader,281,26,52,OK,N/A,N/A,N/A
a,Admin,11-01-2023 | 16:03:09.163,TopVision,26,26,0,CodeReader,281,26,78,OK,N/A,N/A,N/A
a,Admin,11-01-2023 | 16:04:21.741,TopVision,26,26,0,CodeReader,281,26,104,OK,N/A,N/A,N/A
a,Admin,11-01-2023 | 16:04:24.054,TopVision,26,26,0,CodeReader,281,26,130,OK,N/A,N/A,N/A
a,Admin,11-01-2023 | 16:04:58.367,TopVision,26,26,0,CodeReader,281,26,26,OK,N/A,N/A,N/A
a,Admin,11-01-2023 | 16:05:01.766,TopVision,26,26,0,CodeReader,281,26,52,OK,N/A,N/A,N/A
a,Admin,11-01-2023 | 16:06:22.906,TopVision,26,26,0,CodeReader,281,26,78,OK,N/A,N/A,N/A
a,Admin,11-01-2023 | 16:06:24.773,TopVision,26,26,0,CodeReader,281,26,104,OK,N/A,N/A,N/A
a,Admin,11-01-2023 | 16:06:26.682,TopVision,26,26,0,CodeReader,281,26,130,OK,N/A,N/A,N/A
a,Admin,11-01-2023 | 16:06:28.603,TopVision,26,26,0,CodeReader,281,26,156,OK,N/A,N/A,N/A
a,Admin,11-01-2023 | 16:06:30.488,TopVision,26,26,0,CodeReader,281,26,182,OK,N/A,N/A,N/A
a,Admin,11-01-2023 | 16:06:32.075,TopVision,26,26,0,CodeReader,281,26,208,OK,N/A,N/A,N/A
a,Admin,11-01-2023 | 16:06:33.776,TopVision,26,26,0,CodeReader,281,26,234,OK,N/A,N/A,N/A
a,Admin,11-01-2023 | 16:06:35.297,TopVision,26,26,0,CodeReader,281,26,260,OK,N/A,N/A,N/A
a,Admin,11-01-2023 | 16:06:39.817,TopVision,26,26,0,CodeReader,281,26,286,NG,ExceedTotalBatchQty,N/A,Technician
a,Admin,11-01-2023 | 16:08:14.887,TopVision,26,26,0,CodeReader,281,26,26,OK,N/A,N/A,N/A
a,Admin,11-01-2023 | 16:08:17.177,TopVision,26,26,0,CodeReader,281,26,52,OK,N/A,N/A,N/A
a,Admin,11-01-2023 | 16:08:18.669,TopVision,26,26,0,CodeReader,281,26,78,OK,N/A,N/A,N/A
a,Admin,11-01-2023 | 16:08:20.152,TopVision,26,26,0,CodeReader,281,26,104,OK,N/A,N/A,N/A
a,Admin,11-01-2023 | 16:08:21.666,TopVision,26,26,0,CodeReader,281,26,130,OK,N/A,N/A,N/A
a,Admin,11-01-2023 | 16:08:23.153,TopVision,26,26,0,CodeReader,281,26,156,OK,N/A,N/A,N/A
a,Admin,11-01-2023 | 16:08:24.559,TopVision,26,26,0,CodeReader,281,26,182,OK,N/A,N/A,N/A
a,Admin,11-01-2023 | 16:08:26.042,TopVision,26,26,0,CodeReader,281,26,208,OK,N/A,N/A,N/A
a,Admin,11-01-2023 | 16:08:27.528,TopVision,26,26,0,CodeReader,281,26,234,OK,N/A,N/A,N/A
a,Admin,11-01-2023 | 16:08:29.070,TopVision,26,26,0,CodeReader,281,26,260,OK,N/A,N/A,N/A
a,Admin,11-01-2023 | 16:08:33.677,TopVision,26,26,0,CodeReader,281,26,286,NG,ExceedTotalBatchQty,N/A,Admin
a,Admin,11-01-2023 | 16:12:49.498,TopVision,26,26,0,CodeReader,281,26,26,OK,N/A,N/A,N/A
a,Admin,11-01-2023 | 16:12:54.364,TopVision,26,26,0,CodeReader,281,26,52,OK,N/A,N/A,N/A
a,Admin,11-01-2023 | 16:12:56.536,TopVision,26,26,0,CodeReader,281,26,78,OK,N/A,N/A,N/A
a,Admin,11-01-2023 | 16:12:58.145,TopVision,26,26,0,CodeReader,281,26,104,OK,N/A,N/A,N/A
a,Admin,11-01-2023 | 16:12:59.696,TopVision,26,26,0,CodeReader,281,26,130,OK,N/A,N/A,N/A
a,Admin,11-01-2023 | 16:13:01.517,TopVision,26,26,0,CodeReader,281,26,156,OK,N/A,N/A,N/A
a,Admin,11-01-2023 | 16:13:03.496,TopVision,26,26,0,CodeReader,281,26,182,OK,N/A,N/A,N/A
a,Admin,11-01-2023 | 16:13:05.595,TopVision,26,26,0,CodeReader,281,26,208,OK,N/A,N/A,N/A
a,Admin,11-01-2023 | 16:13:07.803,TopVision,26,26,0,CodeReader,281,26,234,OK,N/A,N/A,N/A
a,Admin,11-01-2023 | 16:13:09.440,TopVision,26,26,0,CodeReader,281,26,260,OK,N/A,N/A,N/A
a,Admin,11-01-2023 | 16:13:13.826,TopVision,26,26,0,CodeReader,281,26,286,NG,ExceedTotalBatchQty,N/A,Admin
a,Admin,11-01-2023 | 16:14:02.345,TopVision,26,26,0,CodeReader,281,26,26,OK,N/A,N/A,N/A
a,Admin,11-01-2023 | 16:14:11.898,TopVision,26,26,0,CodeReader,281,26,26,OK,N/A,N/A,N/A
a,Admin,11-01-2023 | 16:15:43.166,TopVision,26,26,0,CodeReader,281,26,26,OK,N/A,N/A,N/A
a,Admin,11-01-2023 | 16:15:45.580,TopVision,26,26,0,CodeReader,281,26,52,OK,N/A,N/A,N/A
a,Admin,11-01-2023 | 16:15:47.312,TopVision,26,26,0,CodeReader,281,26,78,OK,N/A,N/A,N/A
a,Admin,11-01-2023 | 16:15:48.766,TopVision,26,26,0,CodeReader,281,26,104,OK,N/A,N/A,N/A
a,Admin,11-01-2023 | 16:15:50.252,TopVision,26,26,0,CodeReader,281,26,130,OK,N/A,N/A,N/A
a,Admin,11-01-2023 | 16:15:51.750,TopVision,26,26,0,CodeReader,281,26,156,OK,N/A,N/A,N/A
a,Admin,11-01-2023 | 16:15:53.241,TopVision,26,26,0,CodeReader,281,26,182,OK,N/A,N/A,N/A
a,Admin,11-01-2023 | 16:15:56.185,TopVision,26,26,0,CodeReader,281,26,208,OK,N/A,N/A,N/A
e,Engineer,11-01-2023 | 16:16:22.350,TopVision,26,26,0,CodeReader,281,26,26,OK,N/A,N/A,N/A
e,Engineer,11-01-2023 | 16:16:25.771,TopVision,26,26,0,CodeReader,281,26,52,OK,N/A,N/A,N/A
a,Admin,11-01-2023 | 16:51:15.547,TopVision,26,26,0,CodeReader,281,26,26,OK,N/A,N/A,N/A
a,Admin,11-01-2023 | 16:51:17.986,TopVision,26,26,0,CodeReader,281,26,52,OK,N/A,N/A,N/A
a,Admin,11-01-2023 | 16:51:19.482,TopVision,26,26,0,CodeReader,281,26,78,OK,N/A,N/A,N/A
a,Admin,11-01-2023 | 16:51:20.999,TopVision,26,26,0,CodeReader,281,26,104,OK,N/A,N/A,N/A
a,Admin,11-01-2023 | 16:51:22.778,TopVision,26,26,0,CodeReader,281,26,130,OK,N/A,N/A,N/A
a,Admin,11-01-2023 | 16:51:24.257,TopVision,26,26,0,CodeReader,281,26,156,OK,N/A,N/A,N/A
a,Admin,11-01-2023 | 16:51:26.355,TopVision,26,26,0,CodeReader,281,26,182,OK,N/A,N/A,N/A
a,Admin,11-01-2023 | 16:51:27.990,TopVision,26,26,0,CodeReader,281,26,208,OK,N/A,N/A,N/A
a,Admin,11-01-2023 | 16:51:29.875,TopVision,26,26,0,CodeReader,281,26,234,OK,N/A,N/A,N/A
a,Admin,11-01-2023 | 16:51:31.357,TopVision,26,26,0,CodeReader,281,26,260,OK,N/A,N/A,N/A
a,Admin,11-01-2023 | 16:51:36.799,TopVision,26,26,0,CodeReader,281,26,286,NG,ExceedTotalBatchQty,N/A,Admin
