User ID,User Level,Timestamp,Inspection Type,Total Quantity,Correct Orientation,Wrong Orientation,Inspection Type,Decoded Batch Quantity,Decoded Box Quantity,Accumulated Batch Quantity,Overall Result,Messages,Remarks,Approved By
a,Admin,31-01-2023 | 15:42:57.316,TopVision,26,26,0,CodeReader,285,26,26,OK,N/A,N/A,N/A
a,Admin,31-01-2023 | 15:43:28.655,TopVision,26,26,0,CodeReader,285,26,52,OK,N/A,N/A,N/A
a,Admin,31-01-2023 | 15:43:37.336,TopVision,26,26,0,CodeReader,285,26,78,OK,N/A,N/A,N/A
a,Admin,31-01-2023 | 15:43:48.002,TopVision,26,26,0,CodeReader,285,26,104,OK,N/A,N/A,N/A
a,Admin,31-01-2023 | 15:43:55.476,TopVision,26,26,0,CodeReader,285,26,130,OK,N/A,N/A,N/A
a,Admin,31-01-2023 | 15:44:08.196,TopVision,26,26,0,CodeReader,285,26,156,OK,N/A,N/A,N/A
a,Admin,31-01-2023 | 15:44:29.835,TopVision,26,26,0,CodeReader,285,26,182,OK,N/A,N/A,N/A
a,Admin,31-01-2023 | 15:44:38.420,TopVision,26,26,0,CodeReader,285,26,208,OK,N/A,N/A,N/A
a,Admin,31-01-2023 | 15:44:43.369,TopVision,26,26,0,CodeReader,285,26,234,OK,N/A,N/A,N/A
a,Admin,31-01-2023 | 15:44:54.438,TopVision,26,26,0,CodeReader,285,26,260,OK,N/A,N/A,N/A
a,Admin,31-01-2023 | 15:45:05.558,TopVision,25,25,0,CodeReader,285,25,285,OK,N/A,N/A,N/A
a,Admin,31-01-2023 | 15:49:41.929,TopVision,26,26,0,CodeReader,285,26,26,OK,N/A,N/A,N/A
a,Admin,31-01-2023 | 15:49:45.170,TopVision,26,26,0,CodeReader,285,26,52,OK,N/A,N/A,N/A
a,Admin,31-01-2023 | 15:49:47.940,TopVision,26,26,0,CodeReader,285,26,78,OK,N/A,N/A,N/A
a,Admin,31-01-2023 | 15:49:50.290,TopVision,26,26,0,CodeReader,285,26,104,OK,N/A,N/A,N/A
a,Admin,31-01-2023 | 15:49:52.567,TopVision,26,26,0,CodeReader,285,26,130,OK,N/A,N/A,N/A
a,Admin,31-01-2023 | 15:49:54.499,TopVision,26,26,0,CodeReader,285,26,156,OK,N/A,N/A,N/A
a,Admin,31-01-2023 | 15:49:56.469,TopVision,26,26,0,CodeReader,285,26,182,OK,N/A,N/A,N/A
a,Admin,31-01-2023 | 15:49:58.380,TopVision,26,26,0,CodeReader,285,26,208,OK,N/A,N/A,N/A
a,Admin,31-01-2023 | 15:50:02.139,TopVision,26,26,0,CodeReader,285,26,234,OK,N/A,N/A,N/A
a,Admin,31-01-2023 | 15:50:05.154,TopVision,26,26,0,CodeReader,285,26,260,OK,N/A,N/A,N/A
a,Admin,31-01-2023 | 15:50:19.821,TopVision,25,25,0,CodeReader,285,25,285,OK,N/A,N/A,N/A
a,Admin,31-01-2023 | 15:50:48.327,TopVision,26,26,0,CodeReader,285,26,26,OK,N/A,N/A,N/A
a,Admin,31-01-2023 | 15:54:29.315,TopVision,26,26,0,CodeReader,285,26,52,OK,N/A,N/A,N/A
a,Admin,31-01-2023 | 15:54:43.098,TopVision,26,26,0,CodeReader,285,26,52,OK,N/A,N/A,N/A
a,Admin,31-01-2023 | 15:55:00.625,TopVision,26,26,0,CodeReader,285,26,26,OK,N/A,N/A,N/A
a,Admin,31-01-2023 | 15:55:13.315,TopVision,26,26,0,CodeReader,285,26,52,OK,N/A,N/A,N/A
a,Admin,31-01-2023 | 15:55:17.819,TopVision,26,26,0,CodeReader,285,26,78,OK,N/A,N/A,N/A
a,Admin,31-01-2023 | 15:55:20.155,TopVision,26,26,0,CodeReader,285,26,104,OK,N/A,N/A,N/A
a,Admin,31-01-2023 | 15:55:22.341,TopVision,26,26,0,CodeReader,285,26,130,OK,N/A,N/A,N/A
a,Admin,31-01-2023 | 15:55:24.413,TopVision,26,26,0,CodeReader,285,26,156,OK,N/A,N/A,N/A
a,Admin,31-01-2023 | 15:55:26.459,TopVision,26,26,0,CodeReader,285,26,182,OK,N/A,N/A,N/A
a,Admin,31-01-2023 | 15:55:28.540,TopVision,26,26,0,CodeReader,285,26,208,OK,N/A,N/A,N/A
a,Admin,31-01-2023 | 15:55:30.713,TopVision,26,26,0,CodeReader,285,26,234,OK,N/A,N/A,N/A
a,Admin,31-01-2023 | 15:55:35.947,TopVision,26,26,0,CodeReader,285,26,260,OK,N/A,N/A,N/A
a,Admin,31-01-2023 | 15:55:51.037,TopVision,25,25,0,CodeReader,285,25,285,OK,N/A,N/A,N/A
a,Admin,31-01-2023 | 15:56:22.898,TopVision,25,25,0,CodeReader,285,25,285,NG,ExceedTotalBatchQty,a,Admin
a,Admin,31-01-2023 | 15:57:13.059,TopVision,25,25,0,CodeReader,285,25,25,OK,N/A,N/A,N/A
a,Admin,31-01-2023 | 15:57:27.985,TopVision,26,26,0,CodeReader,285,26,51,OK,N/A,N/A,N/A
a,Admin,31-01-2023 | 15:57:31.429,TopVision,26,26,0,CodeReader,285,26,77,OK,N/A,N/A,N/A
a,Admin,31-01-2023 | 15:57:53.129,TopVision,26,26,0,CodeReader,285,26,103,OK,N/A,N/A,N/A
a,Admin,31-01-2023 | 15:57:57.242,TopVision,26,26,0,CodeReader,285,26,129,OK,N/A,N/A,N/A
a,Admin,31-01-2023 | 15:58:02.001,TopVision,26,26,0,CodeReader,285,26,155,OK,N/A,N/A,N/A
a,Admin,31-01-2023 | 16:07:47.382,TopVision,26,26,0,CodeReader,285,26,26,OK,N/A,N/A,N/A
a,Admin,31-01-2023 | 16:07:51.206,TopVision,26,26,0,CodeReader,285,26,52,OK,N/A,N/A,N/A
a,Admin,31-01-2023 | 16:07:54.037,TopVision,26,26,0,CodeReader,285,26,78,OK,N/A,N/A,N/A
a,Admin,31-01-2023 | 16:07:56.079,TopVision,26,26,0,CodeReader,285,26,104,OK,N/A,N/A,N/A
a,Admin,31-01-2023 | 16:07:58.004,TopVision,26,26,0,CodeReader,285,26,130,OK,N/A,N/A,N/A
a,Admin,31-01-2023 | 16:07:59.920,TopVision,26,26,0,CodeReader,285,26,156,OK,N/A,N/A,N/A
a,Admin,31-01-2023 | 16:08:02.560,TopVision,26,26,0,CodeReader,285,26,182,OK,N/A,N/A,N/A
a,Admin,31-01-2023 | 16:08:06.433,TopVision,26,26,0,CodeReader,285,26,208,OK,N/A,N/A,N/A
a,Admin,31-01-2023 | 16:08:10.185,TopVision,26,26,0,CodeReader,285,26,234,OK,N/A,N/A,N/A
a,Admin,31-01-2023 | 16:08:12.443,TopVision,26,26,0,CodeReader,285,26,260,OK,N/A,N/A,N/A
a,Admin,31-01-2023 | 16:08:25.396,TopVision,26,26,0,CodeReader,285,26,286,NG,ExceedTotalBatchQty,a,Admin
a,Admin,31-01-2023 | 16:08:32.821,TopVision,26,26,0,CodeReader,285,26,26,OK,N/A,N/A,N/A
a,Admin,31-01-2023 | 16:08:35.636,TopVision,26,26,0,CodeReader,285,26,52,OK,N/A,N/A,N/A
a,Admin,31-01-2023 | 16:08:38.334,TopVision,26,26,0,CodeReader,285,26,78,OK,N/A,N/A,N/A
a,Admin,31-01-2023 | 16:08:40.457,TopVision,26,26,0,CodeReader,285,26,104,OK,N/A,N/A,N/A
a,Admin,31-01-2023 | 16:08:42.629,TopVision,26,26,0,CodeReader,285,26,130,OK,N/A,N/A,N/A
a,Admin,31-01-2023 | 16:08:44.540,TopVision,26,26,0,CodeReader,285,26,156,OK,N/A,N/A,N/A
a,Admin,31-01-2023 | 16:08:47.765,TopVision,26,26,0,CodeReader,285,26,182,OK,N/A,N/A,N/A
a,Admin,31-01-2023 | 16:08:49.777,TopVision,26,26,0,CodeReader,285,26,208,OK,N/A,N/A,N/A
a,Admin,31-01-2023 | 16:08:52.610,TopVision,26,26,0,CodeReader,285,26,234,OK,N/A,N/A,N/A
a,Admin,31-01-2023 | 16:08:55.405,TopVision,26,26,0,CodeReader,285,26,260,OK,N/A,N/A,N/A
a,Admin,31-01-2023 | 16:09:20.905,TopVision,25,25,0,CodeReader,285,25,285,NG,ExceedTotalBatchQty,a,Admin
a,Admin,31-01-2023 | 16:15:46.133,TopVision,26,26,0,CodeReader,285,26,26,OK,N/A,N/A,N/A
a,Admin,31-01-2023 | 16:15:49.419,TopVision,26,26,0,CodeReader,285,26,52,OK,N/A,N/A,N/A
a,Admin,31-01-2023 | 16:15:51.481,TopVision,26,26,0,CodeReader,285,26,78,OK,N/A,N/A,N/A
a,Admin,31-01-2023 | 16:15:53.434,TopVision,26,26,0,CodeReader,285,26,104,OK,N/A,N/A,N/A
a,Admin,31-01-2023 | 16:16:01.071,TopVision,26,26,0,CodeReader,285,26,130,OK,N/A,N/A,N/A
a,Admin,31-01-2023 | 16:16:04.534,TopVision,26,26,0,CodeReader,285,26,156,OK,N/A,N/A,N/A
a,Admin,31-01-2023 | 16:16:09.627,TopVision,26,26,0,CodeReader,285,26,182,OK,N/A,N/A,N/A
a,Admin,31-01-2023 | 16:16:20.532,TopVision,26,26,0,CodeReader,285,26,208,OK,N/A,N/A,N/A
a,Admin,31-01-2023 | 16:16:23.351,TopVision,26,26,0,CodeReader,285,26,234,OK,N/A,N/A,N/A
a,Admin,31-01-2023 | 16:16:25.962,TopVision,26,26,0,CodeReader,285,26,260,OK,N/A,N/A,N/A
a,Admin,31-01-2023 | 16:16:42.765,TopVision,25,25,0,CodeReader,285,25,285,OK,N/A,N/A,N/A
a,Admin,31-01-2023 | 16:20:17.240,TopVision,25,25,0,CodeReader,285,25,25,OK,N/A,N/A,N/A
a,Admin,31-01-2023 | 16:20:29.254,TopVision,26,26,0,CodeReader,285,26,51,OK,N/A,N/A,N/A
a,Admin,31-01-2023 | 16:20:34.543,TopVision,26,26,0,CodeReader,285,26,77,OK,N/A,N/A,N/A
a,Admin,31-01-2023 | 16:20:37.117,TopVision,26,26,0,CodeReader,285,26,103,OK,N/A,N/A,N/A
a,Admin,31-01-2023 | 16:20:39.460,TopVision,26,26,0,CodeReader,285,26,129,OK,N/A,N/A,N/A
a,Admin,31-01-2023 | 16:20:41.810,TopVision,26,26,0,CodeReader,285,26,155,OK,N/A,N/A,N/A
a,Admin,31-01-2023 | 16:20:43.737,TopVision,26,26,0,CodeReader,285,26,181,OK,N/A,N/A,N/A
a,Admin,31-01-2023 | 16:20:45.762,TopVision,26,26,0,CodeReader,285,26,207,OK,N/A,N/A,N/A
a,Admin,31-01-2023 | 16:20:47.708,TopVision,26,26,0,CodeReader,285,26,233,OK,N/A,N/A,N/A
a,Admin,31-01-2023 | 16:20:49.748,TopVision,26,26,0,CodeReader,285,26,259,OK,N/A,N/A,N/A
a,Admin,31-01-2023 | 16:20:51.937,TopVision,26,26,0,CodeReader,285,26,285,OK,N/A,N/A,N/A
a,Admin,31-01-2023 | 16:20:59.674,TopVision,26,26,0,CodeReader,285,26,26,OK,N/A,N/A,N/A
a,Admin,31-01-2023 | 16:21:01.932,TopVision,26,26,0,CodeReader,285,26,52,OK,N/A,N/A,N/A
a,Admin,31-01-2023 | 16:21:04.103,TopVision,26,26,0,CodeReader,285,26,78,OK,N/A,N/A,N/A
a,Admin,31-01-2023 | 16:21:06.426,TopVision,26,26,0,CodeReader,285,26,104,OK,N/A,N/A,N/A
a,Admin,31-01-2023 | 16:21:16.259,TopVision,26,26,0,CodeReader,285,26,130,OK,N/A,N/A,N/A
a,Admin,31-01-2023 | 16:21:21.416,TopVision,26,26,0,CodeReader,285,26,156,OK,N/A,N/A,N/A
a,Admin,31-01-2023 | 16:21:34.177,TopVision,26,26,0,CodeReader,285,26,182,OK,N/A,N/A,N/A
a,Admin,31-01-2023 | 16:21:36.483,TopVision,26,26,0,CodeReader,285,26,208,OK,N/A,N/A,N/A
a,Admin,31-01-2023 | 16:21:49.411,TopVision,26,26,0,CodeReader,285,26,234,OK,N/A,N/A,N/A
a,Admin,31-01-2023 | 16:21:53.570,TopVision,26,26,0,CodeReader,285,26,260,OK,N/A,N/A,N/A
a,Admin,31-01-2023 | 16:22:22.364,TopVision,25,25,0,CodeReader,285,25,285,OK,N/A,N/A,N/A
a,Admin,31-01-2023 | 16:24:00.160,TopVision,25,25,0,CodeReader,285,25,25,OK,N/A,N/A,N/A
a,Admin,31-01-2023 | 16:24:10.218,TopVision,26,26,0,CodeReader,285,26,51,OK,N/A,N/A,N/A
a,Admin,31-01-2023 | 16:24:12.272,TopVision,26,26,0,CodeReader,285,26,77,OK,N/A,N/A,N/A
a,Admin,31-01-2023 | 16:24:14.239,TopVision,26,26,0,CodeReader,285,26,103,OK,N/A,N/A,N/A
a,Admin,31-01-2023 | 16:24:16.222,TopVision,26,26,0,CodeReader,285,26,129,OK,N/A,N/A,N/A
a,Admin,31-01-2023 | 16:24:18.267,TopVision,26,26,0,CodeReader,285,26,155,OK,N/A,N/A,N/A
a,Admin,31-01-2023 | 16:24:21.318,TopVision,26,26,0,CodeReader,285,26,181,OK,N/A,N/A,N/A
a,Admin,31-01-2023 | 16:24:23.465,TopVision,26,26,0,CodeReader,285,26,207,OK,N/A,N/A,N/A
a,Admin,31-01-2023 | 16:24:26.401,TopVision,26,26,0,CodeReader,285,26,233,OK,N/A,N/A,N/A
a,Admin,31-01-2023 | 16:24:29.518,TopVision,26,26,0,CodeReader,285,26,259,OK,N/A,N/A,N/A
a,Admin,31-01-2023 | 16:24:35.195,TopVision,26,26,0,CodeReader,285,26,285,OK,N/A,N/A,N/A
a,Admin,31-01-2023 | 16:26:53.663,TopVision,25,25,0,CodeReader,285,25,25,OK,N/A,N/A,N/A
a,Admin,31-01-2023 | 16:27:14.500,TopVision,26,26,0,CodeReader,285,26,51,OK,N/A,N/A,N/A
a,Admin,31-01-2023 | 16:27:23.824,TopVision,26,26,0,CodeReader,285,26,77,OK,N/A,N/A,N/A
a,Admin,31-01-2023 | 16:27:27.578,TopVision,26,26,0,CodeReader,285,26,103,OK,N/A,N/A,N/A
a,Admin,31-01-2023 | 16:27:32.096,TopVision,26,26,0,CodeReader,285,26,129,OK,N/A,N/A,N/A
a,Admin,31-01-2023 | 16:27:34.458,TopVision,26,26,0,CodeReader,285,26,155,OK,N/A,N/A,N/A
a,Admin,31-01-2023 | 16:27:36.742,TopVision,26,26,0,CodeReader,285,26,181,OK,N/A,N/A,N/A
a,Admin,31-01-2023 | 16:27:39.792,TopVision,26,26,0,CodeReader,285,26,207,OK,N/A,N/A,N/A
a,Admin,31-01-2023 | 16:27:41.924,TopVision,26,26,0,CodeReader,285,26,233,OK,N/A,N/A,N/A
a,Admin,31-01-2023 | 16:27:44.056,TopVision,26,26,0,CodeReader,285,26,259,OK,N/A,N/A,N/A
a,Admin,31-01-2023 | 16:27:46.142,TopVision,26,26,0,CodeReader,285,26,285,OK,N/A,N/A,N/A
a,Admin,31-01-2023 | 16:27:59.812,TopVision,25,25,0,CodeReader,285,25,25,OK,N/A,N/A,N/A
a,Admin,31-01-2023 | 16:28:10.223,TopVision,26,26,0,CodeReader,285,26,51,OK,N/A,N/A,N/A
a,Admin,31-01-2023 | 16:28:12.527,TopVision,26,26,0,CodeReader,285,26,77,OK,N/A,N/A,N/A
a,Admin,31-01-2023 | 16:28:14.757,TopVision,26,26,0,CodeReader,285,26,103,OK,N/A,N/A,N/A
a,Admin,31-01-2023 | 16:28:16.881,TopVision,26,26,0,CodeReader,285,26,129,OK,N/A,N/A,N/A
a,Admin,31-01-2023 | 16:28:19.025,TopVision,26,26,0,CodeReader,285,26,155,OK,N/A,N/A,N/A
a,Admin,31-01-2023 | 16:28:23.112,TopVision,26,26,0,CodeReader,285,26,181,OK,N/A,N/A,N/A
a,Admin,31-01-2023 | 16:28:26.010,TopVision,26,26,0,CodeReader,285,26,207,OK,N/A,N/A,N/A
a,Admin,31-01-2023 | 16:28:28.314,TopVision,26,26,0,CodeReader,285,26,233,OK,N/A,N/A,N/A
a,Admin,31-01-2023 | 16:28:33.101,TopVision,26,26,0,CodeReader,285,26,259,OK,N/A,N/A,N/A
a,Admin,31-01-2023 | 16:28:36.910,TopVision,26,26,0,CodeReader,285,26,285,OK,N/A,N/A,N/A
a,Admin,31-01-2023 | 16:31:07.653,TopVision,26,26,0,CodeReader,285,26,26,OK,N/A,N/A,N/A
a,Admin,31-01-2023 | 16:31:10.893,TopVision,26,26,0,CodeReader,285,26,52,OK,N/A,N/A,N/A
a,Admin,31-01-2023 | 16:31:12.885,TopVision,26,26,0,CodeReader,285,26,78,OK,N/A,N/A,N/A
a,Admin,31-01-2023 | 16:31:15.008,TopVision,26,26,0,CodeReader,285,26,104,OK,N/A,N/A,N/A
a,Admin,31-01-2023 | 16:31:17.167,TopVision,26,26,0,CodeReader,285,26,130,OK,N/A,N/A,N/A
a,Admin,31-01-2023 | 16:31:19.182,TopVision,26,26,0,CodeReader,285,26,156,OK,N/A,N/A,N/A
a,Admin,31-01-2023 | 16:31:21.389,TopVision,26,26,0,CodeReader,285,26,182,OK,N/A,N/A,N/A
a,Admin,31-01-2023 | 16:31:23.439,TopVision,26,26,0,CodeReader,285,26,208,OK,N/A,N/A,N/A
a,Admin,31-01-2023 | 16:31:27.014,TopVision,26,26,0,CodeReader,285,26,234,OK,N/A,N/A,N/A
a,Admin,31-01-2023 | 16:32:30.276,TopVision,26,26,0,CodeReader,285,26,234,OK,N/A,N/A,N/A
a,Admin,31-01-2023 | 16:35:07.961,TopVision,26,26,0,CodeReader,285,26,26,OK,N/A,N/A,N/A
a,Admin,31-01-2023 | 16:35:40.008,TopVision,26,26,0,CodeReader,285,26,52,OK,N/A,N/A,N/A
a,Admin,31-01-2023 | 16:35:42.863,TopVision,26,26,0,CodeReader,285,26,78,OK,N/A,N/A,N/A
a,Admin,31-01-2023 | 16:35:45.140,TopVision,26,26,0,CodeReader,285,26,104,OK,N/A,N/A,N/A
a,Admin,31-01-2023 | 16:35:47.208,TopVision,26,26,0,CodeReader,285,26,130,OK,N/A,N/A,N/A
a,Admin,31-01-2023 | 16:35:49.109,TopVision,26,26,0,CodeReader,285,26,156,OK,N/A,N/A,N/A
a,Admin,31-01-2023 | 16:35:51.255,TopVision,26,26,0,CodeReader,285,26,182,OK,N/A,N/A,N/A
a,Admin,31-01-2023 | 16:35:53.518,TopVision,26,26,0,CodeReader,285,26,208,OK,N/A,N/A,N/A
a,Admin,31-01-2023 | 16:35:56.012,TopVision,26,26,0,CodeReader,285,26,234,OK,N/A,N/A,N/A
a,Admin,31-01-2023 | 16:35:58.579,TopVision,26,26,0,CodeReader,285,26,260,OK,N/A,N/A,N/A
a,Admin,31-01-2023 | 16:36:12.678,TopVision,25,25,0,CodeReader,285,25,285,OK,N/A,N/A,N/A
a,Admin,31-01-2023 | 16:36:39.898,TopVision,25,25,0,CodeReader,285,25,310,NG,ExceedTotalBatchQty,a,Admin
a,Admin,31-01-2023 | 16:40:11.091,TopVision,26,26,0,CodeReader,285,26,26,OK,N/A,N/A,N/A
a,Admin,31-01-2023 | 16:40:15.123,TopVision,26,26,0,CodeReader,285,26,52,OK,N/A,N/A,N/A
a,Admin,31-01-2023 | 16:40:17.028,TopVision,26,26,0,CodeReader,285,26,78,OK,N/A,N/A,N/A
a,Admin,31-01-2023 | 16:40:18.964,TopVision,26,26,0,CodeReader,285,26,104,OK,N/A,N/A,N/A
a,Admin,31-01-2023 | 16:40:20.836,TopVision,26,26,0,CodeReader,285,26,130,OK,N/A,N/A,N/A
a,Admin,31-01-2023 | 16:40:22.840,TopVision,26,26,0,CodeReader,285,26,156,OK,N/A,N/A,N/A
a,Admin,31-01-2023 | 16:40:24.782,TopVision,26,26,0,CodeReader,285,26,182,OK,N/A,N/A,N/A
a,Admin,31-01-2023 | 16:40:26.733,TopVision,26,26,0,CodeReader,285,26,208,OK,N/A,N/A,N/A
a,Admin,31-01-2023 | 16:40:28.623,TopVision,26,26,0,CodeReader,285,26,234,OK,N/A,N/A,N/A
a,Admin,31-01-2023 | 16:40:30.798,TopVision,26,26,0,CodeReader,285,26,260,OK,N/A,N/A,N/A
a,Admin,31-01-2023 | 16:40:38.620,TopVision,26,26,0,CodeReader,285,26,286,NG,ExceedTotalBatchQty,a,Admin
a,Admin,31-01-2023 | 16:40:42.648,TopVision,26,26,0,CodeReader,285,26,26,OK,N/A,N/A,N/A
a,Admin,31-01-2023 | 16:40:44.838,TopVision,26,26,0,CodeReader,285,26,52,OK,N/A,N/A,N/A
a,Admin,31-01-2023 | 16:40:46.786,TopVision,26,26,0,CodeReader,285,26,78,OK,N/A,N/A,N/A
a,Admin,31-01-2023 | 16:40:48.805,TopVision,26,26,0,CodeReader,285,26,104,OK,N/A,N/A,N/A
a,Admin,31-01-2023 | 16:40:51.093,TopVision,26,26,0,CodeReader,285,26,130,OK,N/A,N/A,N/A
a,Admin,31-01-2023 | 16:40:53.643,TopVision,26,26,0,CodeReader,285,26,156,OK,N/A,N/A,N/A
a,Admin,31-01-2023 | 16:40:56.419,TopVision,26,26,0,CodeReader,285,26,182,OK,N/A,N/A,N/A
a,Admin,31-01-2023 | 16:40:58.539,TopVision,26,26,0,CodeReader,285,26,208,OK,N/A,N/A,N/A
a,Admin,31-01-2023 | 16:41:00.731,TopVision,26,26,0,CodeReader,285,26,234,OK,N/A,N/A,N/A
a,Admin,31-01-2023 | 16:41:03.470,TopVision,26,26,0,CodeReader,285,26,260,OK,N/A,N/A,N/A
a,Admin,31-01-2023 | 16:41:11.532,TopVision,25,25,0,CodeReader,285,25,285,OK,N/A,N/A,N/A
a,Admin,31-01-2023 | 16:41:31.555,TopVision,25,25,0,CodeReader,285,25,310,NG,ExceedTotalBatchQty,a,Admin
a,Admin,31-01-2023 | 16:41:35.601,TopVision,25,25,0,CodeReader,285,25,25,OK,N/A,N/A,N/A
a,Admin,31-01-2023 | 16:41:39.443,TopVision,25,25,0,CodeReader,285,25,50,OK,N/A,N/A,N/A
a,Admin,31-01-2023 | 16:41:41.373,TopVision,25,25,0,CodeReader,285,25,75,OK,N/A,N/A,N/A
a,Admin,31-01-2023 | 16:41:43.305,TopVision,25,25,0,CodeReader,285,25,100,OK,N/A,N/A,N/A
a,Admin,31-01-2023 | 16:41:45.283,TopVision,25,25,0,CodeReader,285,25,125,OK,N/A,N/A,N/A
a,Admin,31-01-2023 | 16:41:47.897,TopVision,25,25,0,CodeReader,285,25,150,OK,N/A,N/A,N/A
a,Admin,31-01-2023 | 16:41:49.814,TopVision,25,25,0,CodeReader,285,25,175,OK,N/A,N/A,N/A
a,Admin,31-01-2023 | 16:41:52.854,TopVision,25,25,0,CodeReader,285,25,200,OK,N/A,N/A,N/A
a,Admin,31-01-2023 | 16:41:57.178,TopVision,25,25,0,CodeReader,285,25,225,OK,N/A,N/A,N/A
a,Admin,31-01-2023 | 16:42:05.462,TopVision,25,25,0,CodeReader,285,25,250,OK,N/A,N/A,N/A
a,Admin,31-01-2023 | 16:42:11.229,TopVision,25,25,0,CodeReader,285,25,275,OK,N/A,N/A,N/A
a,Admin,31-01-2023 | 16:43:00.933,TopVision,10,10,0,CodeReader,285,10,285,OK,N/A,N/A,N/A
